<dependencies>
    <!-- Other dependencies -->
    <dependency>
        <groupId>org.mapstruct</groupId>
        <artifactId>mapstruct</artifactId>
        <version>1.5.5.Final</version>
    </dependency>
</dependencies>

<build>
    <plugins>
        <plugin>
            <groupId>org.mapstruct</groupId>
            <artifactId>mapstruct-processor</artifactId>
            <version>1.5.5.Final</version>
            <optional>true</optional>
        </plugin>
    </plugins>
</build>
<dependencies>
    <!-- Jackson Core, Databind, and Annotations for JSON processing -->
    <dependency>
        <groupId>com.fasterxml.jackson.core</groupId>
        <artifactId>jackson-core</artifactId>
        <version>2.14.1</version>
    </dependency>
    <dependency>
        <groupId>com.fasterxml.jackson.core</groupId>
        <artifactId>jackson-databind</artifactId>
        <version>2.14.1</version>
    </dependency>
    <dependency>
        <groupId>com.fasterxml.jackson.core</groupId>
        <artifactId>jackson-annotations</artifactId>
        <version>2.14.1</version>
    </dependency>
</dependencies>
